"","year","date","fishery_status","total_incidents","date_md","sighting"
"1",2011,2011-07-01,"open",0,"07-01","yes"
"2",2011,2011-07-02,"open",0,"07-02","yes"
"3",2011,2011-07-03,"open",2,"07-03","yes"
"4",2011,2011-07-04,"open",0,"07-04","yes"
"5",2011,2011-07-05,"open",0,"07-05","yes"
"6",2011,2011-07-06,"open",0,"07-06","yes"
"7",2011,2011-07-07,"open",0,"07-07","yes"
"8",2011,2011-07-08,"open",0,"07-08","yes"
"9",2011,2011-07-09,"open",0,"07-09","yes"
"10",2011,2011-07-10,"open",0,"07-10","yes"
"11",2011,2011-07-11,"open",0,"07-11","yes"
"12",2011,2011-07-12,"open",0,"07-12","yes"
"13",2011,2011-07-13,"open",0,"07-13","yes"
"14",2011,2011-07-14,"open",0,"07-14","yes"
"15",2011,2011-07-15,"open",2,"07-15","yes"
"16",2011,2011-07-16,"open",0,"07-16","yes"
"17",2011,2011-07-17,"open",5,"07-17","yes"
"18",2011,2011-07-18,"open",0,"07-18","yes"
"19",2011,2011-07-19,"open",0,"07-19","yes"
"20",2011,2011-07-20,"open",0,"07-20","yes"
"21",2011,2011-07-21,"open",0,"07-21","yes"
"22",2011,2011-07-22,"open",0,"07-22","yes"
"23",2011,2011-07-23,"open",2,"07-23","yes"
"24",2011,2011-07-24,"open",0,"07-24","yes"
"25",2011,2011-07-25,"open",0,"07-25","yes"
"26",2011,2011-07-26,"open",1,"07-26","yes"
"27",2011,2011-07-27,"open",0,"07-27","yes"
"28",2011,2011-07-28,"open",0,"07-28","yes"
"29",2011,2011-07-29,"open",2,"07-29","yes"
"30",2011,2011-07-30,"open",2,"07-30","yes"
"31",2011,2011-07-31,"open",7,"07-31","yes"
"32",2011,2011-08-01,"open",3,"08-01","yes"
"33",2011,2011-08-02,"open",0,"08-02","yes"
"34",2011,2011-08-03,"open",0,"08-03","yes"
"35",2011,2011-08-04,"open",0,"08-04","yes"
"36",2011,2011-08-05,"open",2,"08-05","yes"
"37",2011,2011-08-06,"open",0,"08-06","yes"
"38",2011,2011-08-07,"open",0,"08-07","yes"
"39",2011,2011-08-08,"open",NA,"08-08","no"
"40",2011,2011-08-09,"open",NA,"08-09","no"
"41",2011,2011-08-10,"open",2,"08-10","yes"
"42",2011,2011-08-11,"open",0,"08-11","yes"
"43",2011,2011-08-12,"open",0,"08-12","yes"
"44",2011,2011-08-13,"open",2,"08-13","yes"
"45",2011,2011-08-14,"open",0,"08-14","yes"
"46",2011,2011-08-15,"open",0,"08-15","yes"
"47",2011,2011-08-16,"open",4,"08-16","yes"
"48",2011,2011-08-17,"open",0,"08-17","yes"
"49",2011,2011-08-18,"open",2,"08-18","yes"
"50",2011,2011-08-19,"open",0,"08-19","yes"
"51",2011,2011-08-20,"open",0,"08-20","yes"
"52",2011,2011-08-21,"open",NA,"08-21","no"
"53",2011,2011-08-22,"open",NA,"08-22","no"
"54",2011,2011-08-23,"open",0,"08-23","yes"
"55",2011,2011-08-24,"open",0,"08-24","yes"
"56",2011,2011-08-25,"open",0,"08-25","yes"
"57",2011,2011-08-26,"open",2,"08-26","yes"
"58",2011,2011-08-27,"open",0,"08-27","yes"
"59",2011,2011-08-28,"open",NA,"08-28","no"
"60",2011,2011-08-29,"open",NA,"08-29","no"
"61",2011,2011-08-30,"open",NA,"08-30","no"
"62",2011,2011-08-31,"open",NA,"08-31","no"
"63",2011,2011-09-01,"open",NA,"09-01","no"
"64",2011,2011-09-02,"open",NA,"09-02","no"
"65",2011,2011-09-03,"open",0,"09-03","yes"
"66",2011,2011-09-04,"open",1,"09-04","yes"
"67",2011,2011-09-05,"open",0,"09-05","yes"
"68",2011,2011-09-06,"open",NA,"09-06","no"
"69",2011,2011-09-07,"open",0,"09-07","yes"
"70",2011,2011-09-08,"open",0,"09-08","yes"
"71",2011,2011-09-09,"open",0,"09-09","yes"
"72",2011,2011-09-10,"open",0,"09-10","yes"
"73",2011,2011-09-11,"open",0,"09-11","yes"
"74",2011,2011-09-12,"open",0,"09-12","yes"
"75",2011,2011-09-13,"open",NA,"09-13","no"
"76",2011,2011-09-14,"open",0,"09-14","yes"
"77",2011,2011-09-15,"open",0,"09-15","yes"
"78",2011,2011-09-16,"open",0,"09-16","yes"
"79",2011,2011-09-17,"open",0,"09-17","yes"
"80",2011,2011-09-18,"open",0,"09-18","yes"
"81",2011,2011-09-19,"open",0,"09-19","yes"
"82",2011,2011-09-20,"open",0,"09-20","yes"
"83",2011,2011-09-21,"open",0,"09-21","yes"
"84",2011,2011-09-22,"open",0,"09-22","yes"
"85",2011,2011-09-23,"open",NA,"09-23","no"
"86",2011,2011-09-24,"open",NA,"09-24","no"
"87",2011,2011-09-25,"open",0,"09-25","yes"
"88",2011,2011-09-26,"open",0,"09-26","yes"
"89",2011,2011-09-27,"open",0,"09-27","yes"
"90",2011,2011-09-28,"open",0,"09-28","yes"
"91",2011,2011-09-29,"open",0,"09-29","yes"
"92",2011,2011-09-30,"open",0,"09-30","yes"
"93",2012,2012-07-01,"open",2,"07-01","yes"
"94",2012,2012-07-02,"open",0,"07-02","yes"
"95",2012,2012-07-03,"open",0,"07-03","yes"
"96",2012,2012-07-04,"open",2,"07-04","yes"
"97",2012,2012-07-05,"open",6,"07-05","yes"
"98",2012,2012-07-06,"open",0,"07-06","yes"
"99",2012,2012-07-07,"open",0,"07-07","yes"
"100",2012,2012-07-08,"open",9,"07-08","yes"
"101",2012,2012-07-09,"open",0,"07-09","yes"
"102",2012,2012-07-10,"open",0,"07-10","yes"
"103",2012,2012-07-11,"open",0,"07-11","yes"
"104",2012,2012-07-12,"open",0,"07-12","yes"
"105",2012,2012-07-13,"open",0,"07-13","yes"
"106",2012,2012-07-14,"open",4,"07-14","yes"
"107",2012,2012-07-15,"open",1,"07-15","yes"
"108",2012,2012-07-16,"open",0,"07-16","yes"
"109",2012,2012-07-17,"open",0,"07-17","yes"
"110",2012,2012-07-18,"open",6,"07-18","yes"
"111",2012,2012-07-19,"open",2,"07-19","yes"
"112",2012,2012-07-20,"open",0,"07-20","yes"
"113",2012,2012-07-21,"open",0,"07-21","yes"
"114",2012,2012-07-22,"open",0,"07-22","yes"
"115",2012,2012-07-23,"open",0,"07-23","yes"
"116",2012,2012-07-24,"open",NA,"07-24","no"
"117",2012,2012-07-25,"open",NA,"07-25","no"
"118",2012,2012-07-26,"open",0,"07-26","yes"
"119",2012,2012-07-27,"open",0,"07-27","yes"
"120",2012,2012-07-28,"open",0,"07-28","yes"
"121",2012,2012-07-29,"open",NA,"07-29","no"
"122",2012,2012-07-30,"open",NA,"07-30","no"
"123",2012,2012-07-31,"open",NA,"07-31","no"
"124",2012,2012-08-01,"open",NA,"08-01","no"
"125",2012,2012-08-02,"open",NA,"08-02","no"
"126",2012,2012-08-03,"open",NA,"08-03","no"
"127",2012,2012-08-04,"open",NA,"08-04","no"
"128",2012,2012-08-05,"open",NA,"08-05","no"
"129",2012,2012-08-06,"open",0,"08-06","yes"
"130",2012,2012-08-07,"open",0,"08-07","yes"
"131",2012,2012-08-08,"open",NA,"08-08","no"
"132",2012,2012-08-09,"open",0,"08-09","yes"
"133",2012,2012-08-10,"open",0,"08-10","yes"
"134",2012,2012-08-11,"open",0,"08-11","yes"
"135",2012,2012-08-12,"open",0,"08-12","yes"
"136",2012,2012-08-13,"open",2,"08-13","yes"
"137",2012,2012-08-14,"open",NA,"08-14","no"
"138",2012,2012-08-15,"open",0,"08-15","yes"
"139",2012,2012-08-16,"open",0,"08-16","yes"
"140",2012,2012-08-17,"open",0,"08-17","yes"
"141",2012,2012-08-18,"open",NA,"08-18","no"
"142",2012,2012-08-19,"open",0,"08-19","yes"
"143",2012,2012-08-20,"open",0,"08-20","yes"
"144",2012,2012-08-21,"open",0,"08-21","yes"
"145",2012,2012-08-22,"open",0,"08-22","yes"
"146",2012,2012-08-23,"open",NA,"08-23","no"
"147",2012,2012-08-24,"open",NA,"08-24","no"
"148",2012,2012-08-25,"open",0,"08-25","yes"
"149",2012,2012-08-26,"open",0,"08-26","yes"
"150",2012,2012-08-27,"open",0,"08-27","yes"
"151",2012,2012-08-28,"open",NA,"08-28","no"
"152",2012,2012-08-29,"open",NA,"08-29","no"
"153",2012,2012-08-30,"open",2,"08-30","yes"
"154",2012,2012-08-31,"open",0,"08-31","yes"
"155",2012,2012-09-01,"open",0,"09-01","yes"
"156",2012,2012-09-02,"open",NA,"09-02","no"
"157",2012,2012-09-03,"open",NA,"09-03","no"
"158",2012,2012-09-04,"open",0,"09-04","yes"
"159",2012,2012-09-05,"open",0,"09-05","yes"
"160",2012,2012-09-06,"open",0,"09-06","yes"
"161",2012,2012-09-07,"open",0,"09-07","yes"
"162",2012,2012-09-08,"open",NA,"09-08","no"
"163",2012,2012-09-09,"open",0,"09-09","yes"
"164",2012,2012-09-10,"open",0,"09-10","yes"
"165",2012,2012-09-11,"open",0,"09-11","yes"
"166",2012,2012-09-12,"open",0,"09-12","yes"
"167",2012,2012-09-13,"open",0,"09-13","yes"
"168",2012,2012-09-14,"open",NA,"09-14","no"
"169",2012,2012-09-15,"open",NA,"09-15","no"
"170",2012,2012-09-16,"open",0,"09-16","yes"
"171",2012,2012-09-17,"open",0,"09-17","yes"
"172",2012,2012-09-18,"open",0,"09-18","yes"
"173",2012,2012-09-19,"open",NA,"09-19","no"
"174",2012,2012-09-20,"open",0,"09-20","yes"
"175",2012,2012-09-21,"open",0,"09-21","yes"
"176",2012,2012-09-22,"open",0,"09-22","yes"
"177",2012,2012-09-23,"open",0,"09-23","yes"
"178",2012,2012-09-24,"open",NA,"09-24","no"
"179",2012,2012-09-25,"open",NA,"09-25","no"
"180",2012,2012-09-26,"open",NA,"09-26","no"
"181",2012,2012-09-27,"open",0,"09-27","yes"
"182",2012,2012-09-28,"open",NA,"09-28","no"
"183",2012,2012-09-29,"open",NA,"09-29","no"
"184",2012,2012-09-30,"open",NA,"09-30","no"
"185",2013,2013-07-01,"open",NA,"07-01","no"
"186",2013,2013-07-02,"open",0,"07-02","yes"
"187",2013,2013-07-03,"open",0,"07-03","yes"
"188",2013,2013-07-04,"open",2,"07-04","yes"
"189",2013,2013-07-05,"open",0,"07-05","yes"
"190",2013,2013-07-06,"open",0,"07-06","yes"
"191",2013,2013-07-07,"open",3,"07-07","yes"
"192",2013,2013-07-08,"open",0,"07-08","yes"
"193",2013,2013-07-09,"open",0,"07-09","yes"
"194",2013,2013-07-10,"open",0,"07-10","yes"
"195",2013,2013-07-11,"open",0,"07-11","yes"
"196",2013,2013-07-12,"open",0,"07-12","yes"
"197",2013,2013-07-13,"open",0,"07-13","yes"
"198",2013,2013-07-14,"open",0,"07-14","yes"
"199",2013,2013-07-15,"open",0,"07-15","yes"
"200",2013,2013-07-16,"open",0,"07-16","yes"
"201",2013,2013-07-17,"open",0,"07-17","yes"
"202",2013,2013-07-18,"open",NA,"07-18","no"
"203",2013,2013-07-19,"open",0,"07-19","yes"
"204",2013,2013-07-20,"open",0,"07-20","yes"
"205",2013,2013-07-21,"open",NA,"07-21","no"
"206",2013,2013-07-22,"open",NA,"07-22","no"
"207",2013,2013-07-23,"open",NA,"07-23","no"
"208",2013,2013-07-24,"open",NA,"07-24","no"
"209",2013,2013-07-25,"open",NA,"07-25","no"
"210",2013,2013-07-26,"open",NA,"07-26","no"
"211",2013,2013-07-27,"open",NA,"07-27","no"
"212",2013,2013-07-28,"open",NA,"07-28","no"
"213",2013,2013-07-29,"open",NA,"07-29","no"
"214",2013,2013-07-30,"open",NA,"07-30","no"
"215",2013,2013-07-31,"open",0,"07-31","yes"
"216",2013,2013-08-01,"open",NA,"08-01","no"
"217",2013,2013-08-02,"open",NA,"08-02","no"
"218",2013,2013-08-03,"open",NA,"08-03","no"
"219",2013,2013-08-04,"open",NA,"08-04","no"
"220",2013,2013-08-05,"open",NA,"08-05","no"
"221",2013,2013-08-06,"open",NA,"08-06","no"
"222",2013,2013-08-07,"open",0,"08-07","yes"
"223",2013,2013-08-08,"open",0,"08-08","yes"
"224",2013,2013-08-09,"open",0,"08-09","yes"
"225",2013,2013-08-10,"open",0,"08-10","yes"
"226",2013,2013-08-11,"open",0,"08-11","yes"
"227",2013,2013-08-12,"open",0,"08-12","yes"
"228",2013,2013-08-13,"open",NA,"08-13","no"
"229",2013,2013-08-14,"open",NA,"08-14","no"
"230",2013,2013-08-15,"open",0,"08-15","yes"
"231",2013,2013-08-16,"open",0,"08-16","yes"
"232",2013,2013-08-17,"open",0,"08-17","yes"
"233",2013,2013-08-18,"open",0,"08-18","yes"
"234",2013,2013-08-19,"open",NA,"08-19","no"
"235",2013,2013-08-20,"open",NA,"08-20","no"
"236",2013,2013-08-21,"open",NA,"08-21","no"
"237",2013,2013-08-22,"open",0,"08-22","yes"
"238",2013,2013-08-23,"open",NA,"08-23","no"
"239",2013,2013-08-24,"open",NA,"08-24","no"
"240",2013,2013-08-25,"open",0,"08-25","yes"
"241",2013,2013-08-26,"open",NA,"08-26","no"
"242",2013,2013-08-27,"open",NA,"08-27","no"
"243",2013,2013-08-28,"open",NA,"08-28","no"
"244",2013,2013-08-29,"open",NA,"08-29","no"
"245",2013,2013-08-30,"open",NA,"08-30","no"
"246",2013,2013-08-31,"open",NA,"08-31","no"
"247",2013,2013-09-01,"open",NA,"09-01","no"
"248",2013,2013-09-02,"open",0,"09-02","yes"
"249",2013,2013-09-03,"open",0,"09-03","yes"
"250",2013,2013-09-04,"open",0,"09-04","yes"
"251",2013,2013-09-05,"open",0,"09-05","yes"
"252",2013,2013-09-06,"open",0,"09-06","yes"
"253",2013,2013-09-07,"open",NA,"09-07","no"
"254",2013,2013-09-08,"open",0,"09-08","yes"
"255",2013,2013-09-09,"open",NA,"09-09","no"
"256",2013,2013-09-10,"open",0,"09-10","yes"
"257",2013,2013-09-11,"open",0,"09-11","yes"
"258",2013,2013-09-12,"open",0,"09-12","yes"
"259",2013,2013-09-13,"open",0,"09-13","yes"
"260",2013,2013-09-14,"open",0,"09-14","yes"
"261",2013,2013-09-15,"open",0,"09-15","yes"
"262",2013,2013-09-16,"open",0,"09-16","yes"
"263",2013,2013-09-17,"open",NA,"09-17","no"
"264",2013,2013-09-18,"open",NA,"09-18","no"
"265",2013,2013-09-19,"open",0,"09-19","yes"
"266",2013,2013-09-20,"open",0,"09-20","yes"
"267",2013,2013-09-21,"open",0,"09-21","yes"
"268",2013,2013-09-22,"open",NA,"09-22","no"
"269",2013,2013-09-23,"open",0,"09-23","yes"
"270",2013,2013-09-24,"open",NA,"09-24","no"
"271",2013,2013-09-25,"open",0,"09-25","yes"
"272",2013,2013-09-26,"open",0,"09-26","yes"
"273",2013,2013-09-27,"open",NA,"09-27","no"
"274",2013,2013-09-28,"open",NA,"09-28","no"
"275",2013,2013-09-29,"open",0,"09-29","yes"
"276",2013,2013-09-30,"open",NA,"09-30","no"
"277",2014,2014-07-01,"open",0,"07-01","yes"
"278",2014,2014-07-02,"open",0,"07-02","yes"
"279",2014,2014-07-03,"open",0,"07-03","yes"
"280",2014,2014-07-04,"open",0,"07-04","yes"
"281",2014,2014-07-05,"open",0,"07-05","yes"
"282",2014,2014-07-06,"open",0,"07-06","yes"
"283",2014,2014-07-07,"open",0,"07-07","yes"
"284",2014,2014-07-08,"open",0,"07-08","yes"
"285",2014,2014-07-09,"open",0,"07-09","yes"
"286",2014,2014-07-10,"open",0,"07-10","yes"
"287",2014,2014-07-11,"open",0,"07-11","yes"
"288",2014,2014-07-12,"open",0,"07-12","yes"
"289",2014,2014-07-13,"open",0,"07-13","yes"
"290",2014,2014-07-14,"open",0,"07-14","yes"
"291",2014,2014-07-15,"open",0,"07-15","yes"
"292",2014,2014-07-16,"open",0,"07-16","yes"
"293",2014,2014-07-17,"open",0,"07-17","yes"
"294",2014,2014-07-18,"open",0,"07-18","yes"
"295",2014,2014-07-19,"open",0,"07-19","yes"
"296",2014,2014-07-20,"open",0,"07-20","yes"
"297",2014,2014-07-21,"open",0,"07-21","yes"
"298",2014,2014-07-22,"open",0,"07-22","yes"
"299",2014,2014-07-23,"open",0,"07-23","yes"
"300",2014,2014-07-24,"open",NA,"07-24","no"
"301",2014,2014-07-25,"open",0,"07-25","yes"
"302",2014,2014-07-26,"open",0,"07-26","yes"
"303",2014,2014-07-27,"open",10,"07-27","yes"
"304",2014,2014-07-28,"open",0,"07-28","yes"
"305",2014,2014-07-29,"open",0,"07-29","yes"
"306",2014,2014-07-30,"open",0,"07-30","yes"
"307",2014,2014-07-31,"open",0,"07-31","yes"
"308",2014,2014-08-01,"open",0,"08-01","yes"
"309",2014,2014-08-02,"open",0,"08-02","yes"
"310",2014,2014-08-03,"open",0,"08-03","yes"
"311",2014,2014-08-04,"open",0,"08-04","yes"
"312",2014,2014-08-05,"open",0,"08-05","yes"
"313",2014,2014-08-06,"open",0,"08-06","yes"
"314",2014,2014-08-07,"open",0,"08-07","yes"
"315",2014,2014-08-08,"open",0,"08-08","yes"
"316",2014,2014-08-09,"open",0,"08-09","yes"
"317",2014,2014-08-10,"open",1,"08-10","yes"
"318",2014,2014-08-11,"open",0,"08-11","yes"
"319",2014,2014-08-12,"open",0,"08-12","yes"
"320",2014,2014-08-13,"open",0,"08-13","yes"
"321",2014,2014-08-14,"open",0,"08-14","yes"
"322",2014,2014-08-15,"open",0,"08-15","yes"
"323",2014,2014-08-16,"open",0,"08-16","yes"
"324",2014,2014-08-17,"open",0,"08-17","yes"
"325",2014,2014-08-18,"open",0,"08-18","yes"
"326",2014,2014-08-19,"open",0,"08-19","yes"
"327",2014,2014-08-20,"open",0,"08-20","yes"
"328",2014,2014-08-21,"open",0,"08-21","yes"
"329",2014,2014-08-22,"open",0,"08-22","yes"
"330",2014,2014-08-23,"open",0,"08-23","yes"
"331",2014,2014-08-24,"open",0,"08-24","yes"
"332",2014,2014-08-25,"open",NA,"08-25","no"
"333",2014,2014-08-26,"open",0,"08-26","yes"
"334",2014,2014-08-27,"open",0,"08-27","yes"
"335",2014,2014-08-28,"open",0,"08-28","yes"
"336",2014,2014-08-29,"open",2,"08-29","yes"
"337",2014,2014-08-30,"open",0,"08-30","yes"
"338",2014,2014-08-31,"open",NA,"08-31","no"
"339",2014,2014-09-01,"open",0,"09-01","yes"
"340",2014,2014-09-02,"open",0,"09-02","yes"
"341",2014,2014-09-03,"open",0,"09-03","yes"
"342",2014,2014-09-04,"open",NA,"09-04","no"
"343",2014,2014-09-05,"open",NA,"09-05","no"
"344",2014,2014-09-06,"open",0,"09-06","yes"
"345",2014,2014-09-07,"open",0,"09-07","yes"
"346",2014,2014-09-08,"open",NA,"09-08","no"
"347",2014,2014-09-09,"open",NA,"09-09","no"
"348",2014,2014-09-10,"open",0,"09-10","yes"
"349",2014,2014-09-11,"open",1,"09-11","yes"
"350",2014,2014-09-12,"open",NA,"09-12","no"
"351",2014,2014-09-13,"open",0,"09-13","yes"
"352",2014,2014-09-14,"open",0,"09-14","yes"
"353",2014,2014-09-15,"open",0,"09-15","yes"
"354",2014,2014-09-16,"open",0,"09-16","yes"
"355",2014,2014-09-17,"open",0,"09-17","yes"
"356",2014,2014-09-18,"open",0,"09-18","yes"
"357",2014,2014-09-19,"open",0,"09-19","yes"
"358",2014,2014-09-20,"open",0,"09-20","yes"
"359",2014,2014-09-21,"open",9,"09-21","yes"
"360",2014,2014-09-22,"open",0,"09-22","yes"
"361",2014,2014-09-23,"open",0,"09-23","yes"
"362",2014,2014-09-24,"open",0,"09-24","yes"
"363",2014,2014-09-25,"open",0,"09-25","yes"
"364",2014,2014-09-26,"open",0,"09-26","yes"
"365",2014,2014-09-27,"open",0,"09-27","yes"
"366",2014,2014-09-28,"open",0,"09-28","yes"
"367",2014,2014-09-29,"open",0,"09-29","yes"
"368",2014,2014-09-30,"open",0,"09-30","yes"
"369",2015,2015-07-01,"open",0,"07-01","yes"
"370",2015,2015-07-02,"open",1,"07-02","yes"
"371",2015,2015-07-03,"open",0,"07-03","yes"
"372",2015,2015-07-04,"open",0,"07-04","yes"
"373",2015,2015-07-05,"open",1,"07-05","yes"
"374",2015,2015-07-06,"open",0,"07-06","yes"
"375",2015,2015-07-07,"open",0,"07-07","yes"
"376",2015,2015-07-08,"open",2,"07-08","yes"
"377",2015,2015-07-09,"open",0,"07-09","yes"
"378",2015,2015-07-10,"open",1,"07-10","yes"
"379",2015,2015-07-11,"open",0,"07-11","yes"
"380",2015,2015-07-12,"open",1,"07-12","yes"
"381",2015,2015-07-13,"open",0,"07-13","yes"
"382",2015,2015-07-14,"open",0,"07-14","yes"
"383",2015,2015-07-15,"open",0,"07-15","yes"
"384",2015,2015-07-16,"open",0,"07-16","yes"
"385",2015,2015-07-17,"open",2,"07-17","yes"
"386",2015,2015-07-18,"open",17,"07-18","yes"
"387",2015,2015-07-19,"open",3,"07-19","yes"
"388",2015,2015-07-20,"open",0,"07-20","yes"
"389",2015,2015-07-21,"open",0,"07-21","yes"
"390",2015,2015-07-22,"open",0,"07-22","yes"
"391",2015,2015-07-23,"open",0,"07-23","yes"
"392",2015,2015-07-24,"open",0,"07-24","yes"
"393",2015,2015-07-25,"open",0,"07-25","yes"
"394",2015,2015-07-26,"open",0,"07-26","yes"
"395",2015,2015-07-27,"open",0,"07-27","yes"
"396",2015,2015-07-28,"open",0,"07-28","yes"
"397",2015,2015-07-29,"open",0,"07-29","yes"
"398",2015,2015-07-30,"open",0,"07-30","yes"
"399",2015,2015-07-31,"open",0,"07-31","yes"
"400",2015,2015-08-01,"open",0,"08-01","yes"
"401",2015,2015-08-02,"open",5,"08-02","yes"
"402",2015,2015-08-03,"open",0,"08-03","yes"
"403",2015,2015-08-04,"open",0,"08-04","yes"
"404",2015,2015-08-05,"open",0,"08-05","yes"
"405",2015,2015-08-06,"open",0,"08-06","yes"
"406",2015,2015-08-07,"open",0,"08-07","yes"
"407",2015,2015-08-08,"open",0,"08-08","yes"
"408",2015,2015-08-09,"open",3,"08-09","yes"
"409",2015,2015-08-10,"open",0,"08-10","yes"
"410",2015,2015-08-11,"open",0,"08-11","yes"
"411",2015,2015-08-12,"open",0,"08-12","yes"
"412",2015,2015-08-13,"open",0,"08-13","yes"
"413",2015,2015-08-14,"open",0,"08-14","yes"
"414",2015,2015-08-15,"open",2,"08-15","yes"
"415",2015,2015-08-16,"open",2,"08-16","yes"
"416",2015,2015-08-17,"open",0,"08-17","yes"
"417",2015,2015-08-18,"open",1,"08-18","yes"
"418",2015,2015-08-19,"open",0,"08-19","yes"
"419",2015,2015-08-20,"open",0,"08-20","yes"
"420",2015,2015-08-21,"open",0,"08-21","yes"
"421",2015,2015-08-22,"open",0,"08-22","yes"
"422",2015,2015-08-23,"open",0,"08-23","yes"
"423",2015,2015-08-24,"open",1,"08-24","yes"
"424",2015,2015-08-25,"open",1,"08-25","yes"
"425",2015,2015-08-26,"open",0,"08-26","yes"
"426",2015,2015-08-27,"open",2,"08-27","yes"
"427",2015,2015-08-28,"open",1,"08-28","yes"
"428",2015,2015-08-29,"open",0,"08-29","yes"
"429",2015,2015-08-30,"open",0,"08-30","yes"
"430",2015,2015-08-31,"open",NA,"08-31","no"
"431",2015,2015-09-01,"open",NA,"09-01","no"
"432",2015,2015-09-02,"open",0,"09-02","yes"
"433",2015,2015-09-03,"open",0,"09-03","yes"
"434",2015,2015-09-04,"open",1,"09-04","yes"
"435",2015,2015-09-05,"open",0,"09-05","yes"
"436",2015,2015-09-06,"open",0,"09-06","yes"
"437",2015,2015-09-07,"open",0,"09-07","yes"
"438",2015,2015-09-08,"open",0,"09-08","yes"
"439",2015,2015-09-09,"open",0,"09-09","yes"
"440",2015,2015-09-10,"open",0,"09-10","yes"
"441",2015,2015-09-11,"open",0,"09-11","yes"
"442",2015,2015-09-12,"open",1,"09-12","yes"
"443",2015,2015-09-13,"open",0,"09-13","yes"
"444",2015,2015-09-14,"open",0,"09-14","yes"
"445",2015,2015-09-15,"open",0,"09-15","yes"
"446",2015,2015-09-16,"open",0,"09-16","yes"
"447",2015,2015-09-17,"open",0,"09-17","yes"
"448",2015,2015-09-18,"open",0,"09-18","yes"
"449",2015,2015-09-19,"open",NA,"09-19","no"
"450",2015,2015-09-20,"open",0,"09-20","yes"
"451",2015,2015-09-21,"open",NA,"09-21","no"
"452",2015,2015-09-22,"open",0,"09-22","yes"
"453",2015,2015-09-23,"open",0,"09-23","yes"
"454",2015,2015-09-24,"open",0,"09-24","yes"
"455",2015,2015-09-25,"open",0,"09-25","yes"
"456",2015,2015-09-26,"open",0,"09-26","yes"
"457",2015,2015-09-27,"open",0,"09-27","yes"
"458",2015,2015-09-28,"open",0,"09-28","yes"
"459",2015,2015-09-29,"open",0,"09-29","yes"
"460",2015,2015-09-30,"open",0,"09-30","yes"
"461",2016,2016-07-01,"open",0,"07-01","yes"
"462",2016,2016-07-02,"open",0,"07-02","yes"
"463",2016,2016-07-03,"open",0,"07-03","yes"
"464",2016,2016-07-04,"open",0,"07-04","yes"
"465",2016,2016-07-05,"open",NA,"07-05","no"
"466",2016,2016-07-06,"open",NA,"07-06","no"
"467",2016,2016-07-07,"open",0,"07-07","yes"
"468",2016,2016-07-08,"open",0,"07-08","yes"
"469",2016,2016-07-09,"open",12,"07-09","yes"
"470",2016,2016-07-10,"open",0,"07-10","yes"
"471",2016,2016-07-11,"open",0,"07-11","yes"
"472",2016,2016-07-12,"open",0,"07-12","yes"
"473",2016,2016-07-13,"open",0,"07-13","yes"
"474",2016,2016-07-14,"open",0,"07-14","yes"
"475",2016,2016-07-15,"open",0,"07-15","yes"
"476",2016,2016-07-16,"open",0,"07-16","yes"
"477",2016,2016-07-17,"open",0,"07-17","yes"
"478",2016,2016-07-18,"open",0,"07-18","yes"
"479",2016,2016-07-19,"open",0,"07-19","yes"
"480",2016,2016-07-20,"open",3,"07-20","yes"
"481",2016,2016-07-21,"open",0,"07-21","yes"
"482",2016,2016-07-22,"open",0,"07-22","yes"
"483",2016,2016-07-23,"open",NA,"07-23","no"
"484",2016,2016-07-24,"open",NA,"07-24","no"
"485",2016,2016-07-25,"open",NA,"07-25","no"
"486",2016,2016-07-26,"open",0,"07-26","yes"
"487",2016,2016-07-27,"open",0,"07-27","yes"
"488",2016,2016-07-28,"open",NA,"07-28","no"
"489",2016,2016-07-29,"open",0,"07-29","yes"
"490",2016,2016-07-30,"open",0,"07-30","yes"
"491",2016,2016-07-31,"open",0,"07-31","yes"
"492",2016,2016-08-01,"open",0,"08-01","yes"
"493",2016,2016-08-02,"open",NA,"08-02","no"
"494",2016,2016-08-03,"open",0,"08-03","yes"
"495",2016,2016-08-04,"open",0,"08-04","yes"
"496",2016,2016-08-05,"open",0,"08-05","yes"
"497",2016,2016-08-06,"open",0,"08-06","yes"
"498",2016,2016-08-07,"open",NA,"08-07","no"
"499",2016,2016-08-08,"open",0,"08-08","yes"
"500",2016,2016-08-09,"open",7,"08-09","yes"
"501",2016,2016-08-10,"open",0,"08-10","yes"
"502",2016,2016-08-11,"open",0,"08-11","yes"
"503",2016,2016-08-12,"open",3,"08-12","yes"
"504",2016,2016-08-13,"open",0,"08-13","yes"
"505",2016,2016-08-14,"open",0,"08-14","yes"
"506",2016,2016-08-15,"open",0,"08-15","yes"
"507",2016,2016-08-16,"open",1,"08-16","yes"
"508",2016,2016-08-17,"open",5,"08-17","yes"
"509",2016,2016-08-18,"open",6,"08-18","yes"
"510",2016,2016-08-19,"open",NA,"08-19","no"
"511",2016,2016-08-20,"open",13,"08-20","yes"
"512",2016,2016-08-21,"open",0,"08-21","yes"
"513",2016,2016-08-22,"open",0,"08-22","yes"
"514",2016,2016-08-23,"open",0,"08-23","yes"
"515",2016,2016-08-24,"open",NA,"08-24","no"
"516",2016,2016-08-25,"open",0,"08-25","yes"
"517",2016,2016-08-26,"open",7,"08-26","yes"
"518",2016,2016-08-27,"open",0,"08-27","yes"
"519",2016,2016-08-28,"open",0,"08-28","yes"
"520",2016,2016-08-29,"open",0,"08-29","yes"
"521",2016,2016-08-30,"open",11,"08-30","yes"
"522",2016,2016-08-31,"open",2,"08-31","yes"
"523",2016,2016-09-01,"open",NA,"09-01","no"
"524",2016,2016-09-02,"open",NA,"09-02","no"
"525",2016,2016-09-03,"open",21,"09-03","yes"
"526",2016,2016-09-04,"open",0,"09-04","yes"
"527",2016,2016-09-05,"open",0,"09-05","yes"
"528",2016,2016-09-06,"open",0,"09-06","yes"
"529",2016,2016-09-07,"open",0,"09-07","yes"
"530",2016,2016-09-08,"open",0,"09-08","yes"
"531",2016,2016-09-09,"open",NA,"09-09","no"
"532",2016,2016-09-10,"open",0,"09-10","yes"
"533",2016,2016-09-11,"open",0,"09-11","yes"
"534",2016,2016-09-12,"open",NA,"09-12","no"
"535",2016,2016-09-13,"open",0,"09-13","yes"
"536",2016,2016-09-14,"open",12,"09-14","yes"
"537",2016,2016-09-15,"open",0,"09-15","yes"
"538",2016,2016-09-16,"open",0,"09-16","yes"
"539",2016,2016-09-17,"open",NA,"09-17","no"
"540",2016,2016-09-18,"open",0,"09-18","yes"
"541",2016,2016-09-19,"open",0,"09-19","yes"
"542",2016,2016-09-20,"open",2,"09-20","yes"
"543",2016,2016-09-21,"open",0,"09-21","yes"
"544",2016,2016-09-22,"open",0,"09-22","yes"
"545",2016,2016-09-23,"open",NA,"09-23","no"
"546",2016,2016-09-24,"open",NA,"09-24","no"
"547",2016,2016-09-25,"open",0,"09-25","yes"
"548",2016,2016-09-26,"open",0,"09-26","yes"
"549",2016,2016-09-27,"open",0,"09-27","yes"
"550",2016,2016-09-28,"open",0,"09-28","yes"
"551",2016,2016-09-29,"open",NA,"09-29","no"
"552",2016,2016-09-30,"open",NA,"09-30","no"
"553",2017,2017-07-01,"open",0,"07-01","yes"
"554",2017,2017-07-02,"open",0,"07-02","yes"
"555",2017,2017-07-03,"open",NA,"07-03","no"
"556",2017,2017-07-04,"open",0,"07-04","yes"
"557",2017,2017-07-05,"open",NA,"07-05","no"
"558",2017,2017-07-06,"open",NA,"07-06","no"
"559",2017,2017-07-07,"open",0,"07-07","yes"
"560",2017,2017-07-08,"open",NA,"07-08","no"
"561",2017,2017-07-09,"open",NA,"07-09","no"
"562",2017,2017-07-10,"open",NA,"07-10","no"
"563",2017,2017-07-11,"open",0,"07-11","yes"
"564",2017,2017-07-12,"open",NA,"07-12","no"
"565",2017,2017-07-13,"open",NA,"07-13","no"
"566",2017,2017-07-14,"open",0,"07-14","yes"
"567",2017,2017-07-15,"open",NA,"07-15","no"
"568",2017,2017-07-16,"open",NA,"07-16","no"
"569",2017,2017-07-17,"open",0,"07-17","yes"
"570",2017,2017-07-18,"open",0,"07-18","yes"
"571",2017,2017-07-19,"open",0,"07-19","yes"
"572",2017,2017-07-20,"open",NA,"07-20","no"
"573",2017,2017-07-21,"open",NA,"07-21","no"
"574",2017,2017-07-22,"open",0,"07-22","yes"
"575",2017,2017-07-23,"open",22,"07-23","yes"
"576",2017,2017-07-24,"open",0,"07-24","yes"
"577",2017,2017-07-25,"open",0,"07-25","yes"
"578",2017,2017-07-26,"open",0,"07-26","yes"
"579",2017,2017-07-27,"open",0,"07-27","yes"
"580",2017,2017-07-28,"open",NA,"07-28","no"
"581",2017,2017-07-29,"open",NA,"07-29","no"
"582",2017,2017-07-30,"open",NA,"07-30","no"
"583",2017,2017-07-31,"open",NA,"07-31","no"
"584",2017,2017-08-01,"open",NA,"08-01","no"
"585",2017,2017-08-02,"open",NA,"08-02","no"
"586",2017,2017-08-03,"open",8,"08-03","yes"
"587",2017,2017-08-04,"open",0,"08-04","yes"
"588",2017,2017-08-05,"open",NA,"08-05","no"
"589",2017,2017-08-06,"open",NA,"08-06","no"
"590",2017,2017-08-07,"open",NA,"08-07","no"
"591",2017,2017-08-08,"open",NA,"08-08","no"
"592",2017,2017-08-09,"open",NA,"08-09","no"
"593",2017,2017-08-10,"open",NA,"08-10","no"
"594",2017,2017-08-11,"open",NA,"08-11","no"
"595",2017,2017-08-12,"open",NA,"08-12","no"
"596",2017,2017-08-13,"open",NA,"08-13","no"
"597",2017,2017-08-14,"open",NA,"08-14","no"
"598",2017,2017-08-15,"open",0,"08-15","yes"
"599",2017,2017-08-16,"open",NA,"08-16","no"
"600",2017,2017-08-17,"open",NA,"08-17","no"
"601",2017,2017-08-18,"open",NA,"08-18","no"
"602",2017,2017-08-19,"open",NA,"08-19","no"
"603",2017,2017-08-20,"open",NA,"08-20","no"
"604",2017,2017-08-21,"open",NA,"08-21","no"
"605",2017,2017-08-22,"open",NA,"08-22","no"
"606",2017,2017-08-23,"open",NA,"08-23","no"
"607",2017,2017-08-24,"open",NA,"08-24","no"
"608",2017,2017-08-25,"open",0,"08-25","yes"
"609",2017,2017-08-26,"open",NA,"08-26","no"
"610",2017,2017-08-27,"open",NA,"08-27","no"
"611",2017,2017-08-28,"open",NA,"08-28","no"
"612",2017,2017-08-29,"open",NA,"08-29","no"
"613",2017,2017-08-30,"open",NA,"08-30","no"
"614",2017,2017-08-31,"open",NA,"08-31","no"
"615",2017,2017-09-01,"open",NA,"09-01","no"
"616",2017,2017-09-02,"open",NA,"09-02","no"
"617",2017,2017-09-03,"open",NA,"09-03","no"
"618",2017,2017-09-04,"open",0,"09-04","yes"
"619",2017,2017-09-05,"open",NA,"09-05","no"
"620",2017,2017-09-06,"open",0,"09-06","yes"
"621",2017,2017-09-07,"open",NA,"09-07","no"
"622",2017,2017-09-08,"open",NA,"09-08","no"
"623",2017,2017-09-09,"open",0,"09-09","yes"
"624",2017,2017-09-10,"open",4,"09-10","yes"
"625",2017,2017-09-11,"open",5,"09-11","yes"
"626",2017,2017-09-12,"open",0,"09-12","yes"
"627",2017,2017-09-13,"open",9,"09-13","yes"
"628",2017,2017-09-14,"open",NA,"09-14","no"
"629",2017,2017-09-15,"open",0,"09-15","yes"
"630",2017,2017-09-16,"open",NA,"09-16","no"
"631",2017,2017-09-17,"open",NA,"09-17","no"
"632",2017,2017-09-18,"open",NA,"09-18","no"
"633",2017,2017-09-19,"open",0,"09-19","yes"
"634",2017,2017-09-20,"open",0,"09-20","yes"
"635",2017,2017-09-21,"open",0,"09-21","yes"
"636",2017,2017-09-22,"open",0,"09-22","yes"
"637",2017,2017-09-23,"open",11,"09-23","yes"
"638",2017,2017-09-24,"open",NA,"09-24","no"
"639",2017,2017-09-25,"open",NA,"09-25","no"
"640",2017,2017-09-26,"open",0,"09-26","yes"
"641",2017,2017-09-27,"open",3,"09-27","yes"
"642",2017,2017-09-28,"open",NA,"09-28","no"
"643",2017,2017-09-29,"open",0,"09-29","yes"
"644",2017,2017-09-30,"open",NA,"09-30","no"
"645",2018,2018-07-01,"open",NA,"07-01","no"
"646",2018,2018-07-02,"open",NA,"07-02","no"
"647",2018,2018-07-03,"open",NA,"07-03","no"
"648",2018,2018-07-04,"open",NA,"07-04","no"
"649",2018,2018-07-05,"open",NA,"07-05","no"
"650",2018,2018-07-06,"open",NA,"07-06","no"
"651",2018,2018-07-07,"open",NA,"07-07","no"
"652",2018,2018-07-08,"open",NA,"07-08","no"
"653",2018,2018-07-09,"open",NA,"07-09","no"
"654",2018,2018-07-10,"open",NA,"07-10","no"
"655",2018,2018-07-11,"open",NA,"07-11","no"
"656",2018,2018-07-12,"open",0,"07-12","yes"
"657",2018,2018-07-13,"open",0,"07-13","yes"
"658",2018,2018-07-14,"open",0,"07-14","yes"
"659",2018,2018-07-15,"open",0,"07-15","yes"
"660",2018,2018-07-16,"open",0,"07-16","yes"
"661",2018,2018-07-17,"open",3,"07-17","yes"
"662",2018,2018-07-18,"open",0,"07-18","yes"
"663",2018,2018-07-19,"open",0,"07-19","yes"
"664",2018,2018-07-20,"open",0,"07-20","yes"
"665",2018,2018-07-21,"open",0,"07-21","yes"
"666",2018,2018-07-22,"open",0,"07-22","yes"
"667",2018,2018-07-23,"open",0,"07-23","yes"
"668",2018,2018-07-24,"open",0,"07-24","yes"
"669",2018,2018-07-25,"open",0,"07-25","yes"
"670",2018,2018-07-26,"open",0,"07-26","yes"
"671",2018,2018-07-27,"open",2,"07-27","yes"
"672",2018,2018-07-28,"open",0,"07-28","yes"
"673",2018,2018-07-29,"open",0,"07-29","yes"
"674",2018,2018-07-30,"open",0,"07-30","yes"
"675",2018,2018-07-31,"open",0,"07-31","yes"
"676",2018,2018-08-01,"open",0,"08-01","yes"
"677",2018,2018-08-02,"open",0,"08-02","yes"
"678",2018,2018-08-03,"open",NA,"08-03","no"
"679",2018,2018-08-04,"open",NA,"08-04","no"
"680",2018,2018-08-05,"open",NA,"08-05","no"
"681",2018,2018-08-06,"open",NA,"08-06","no"
"682",2018,2018-08-07,"open",NA,"08-07","no"
"683",2018,2018-08-08,"open",NA,"08-08","no"
"684",2018,2018-08-09,"open",0,"08-09","yes"
"685",2018,2018-08-10,"open",0,"08-10","yes"
"686",2018,2018-08-11,"open",0,"08-11","yes"
"687",2018,2018-08-12,"open",5,"08-12","yes"
"688",2018,2018-08-13,"open",0,"08-13","yes"
"689",2018,2018-08-14,"open",NA,"08-14","no"
"690",2018,2018-08-15,"open",NA,"08-15","no"
"691",2018,2018-08-16,"open",NA,"08-16","no"
"692",2018,2018-08-17,"open",NA,"08-17","no"
"693",2018,2018-08-18,"open",0,"08-18","yes"
"694",2018,2018-08-19,"open",NA,"08-19","no"
"695",2018,2018-08-20,"open",NA,"08-20","no"
"696",2018,2018-08-21,"open",NA,"08-21","no"
"697",2018,2018-08-22,"open",NA,"08-22","no"
"698",2018,2018-08-23,"open",0,"08-23","yes"
"699",2018,2018-08-24,"open",0,"08-24","yes"
"700",2018,2018-08-25,"open",0,"08-25","yes"
"701",2018,2018-08-26,"open",NA,"08-26","no"
"702",2018,2018-08-27,"open",NA,"08-27","no"
"703",2018,2018-08-28,"open",0,"08-28","yes"
"704",2018,2018-08-29,"open",NA,"08-29","no"
"705",2018,2018-08-30,"open",NA,"08-30","no"
"706",2018,2018-08-31,"open",0,"08-31","yes"
"707",2018,2018-09-01,"closed",0,"09-01","yes"
"708",2018,2018-09-02,"closed",0,"09-02","yes"
"709",2018,2018-09-03,"closed",4,"09-03","yes"
"710",2018,2018-09-04,"closed",NA,"09-04","no"
"711",2018,2018-09-05,"closed",0,"09-05","yes"
"712",2018,2018-09-06,"closed",0,"09-06","yes"
"713",2018,2018-09-07,"closed",0,"09-07","yes"
"714",2018,2018-09-08,"closed",NA,"09-08","no"
"715",2018,2018-09-09,"closed",0,"09-09","yes"
"716",2018,2018-09-10,"closed",NA,"09-10","no"
"717",2018,2018-09-11,"closed",0,"09-11","yes"
"718",2018,2018-09-12,"closed",0,"09-12","yes"
"719",2018,2018-09-13,"closed",0,"09-13","yes"
"720",2018,2018-09-14,"closed",0,"09-14","yes"
"721",2018,2018-09-15,"closed",0,"09-15","yes"
"722",2018,2018-09-16,"closed",0,"09-16","yes"
"723",2018,2018-09-17,"closed",0,"09-17","yes"
"724",2018,2018-09-18,"closed",0,"09-18","yes"
"725",2018,2018-09-19,"closed",0,"09-19","yes"
"726",2018,2018-09-20,"closed",0,"09-20","yes"
"727",2018,2018-09-21,"closed",0,"09-21","yes"
"728",2018,2018-09-22,"closed",NA,"09-22","no"
"729",2018,2018-09-23,"closed",2,"09-23","yes"
"730",2018,2018-09-24,"closed",7,"09-24","yes"
"731",2018,2018-09-25,"closed",0,"09-25","yes"
"732",2018,2018-09-26,"closed",0,"09-26","yes"
"733",2018,2018-09-27,"closed",0,"09-27","yes"
"734",2018,2018-09-28,"closed",NA,"09-28","no"
"735",2018,2018-09-29,"closed",NA,"09-29","no"
"736",2018,2018-09-30,"closed",NA,"09-30","no"
"737",2019,2019-07-01,"open",NA,"07-01","no"
"738",2019,2019-07-02,"open",NA,"07-02","no"
"739",2019,2019-07-03,"open",NA,"07-03","no"
"740",2019,2019-07-04,"open",NA,"07-04","no"
"741",2019,2019-07-05,"open",5,"07-05","yes"
"742",2019,2019-07-06,"open",0,"07-06","yes"
"743",2019,2019-07-07,"open",NA,"07-07","no"
"744",2019,2019-07-08,"open",NA,"07-08","no"
"745",2019,2019-07-09,"open",NA,"07-09","no"
"746",2019,2019-07-10,"open",NA,"07-10","no"
"747",2019,2019-07-11,"open",NA,"07-11","no"
"748",2019,2019-07-12,"open",NA,"07-12","no"
"749",2019,2019-07-13,"open",NA,"07-13","no"
"750",2019,2019-07-14,"open",NA,"07-14","no"
"751",2019,2019-07-15,"open",NA,"07-15","no"
"752",2019,2019-07-16,"open",NA,"07-16","no"
"753",2019,2019-07-17,"open",NA,"07-17","no"
"754",2019,2019-07-18,"open",NA,"07-18","no"
"755",2019,2019-07-19,"open",NA,"07-19","no"
"756",2019,2019-07-20,"open",NA,"07-20","no"
"757",2019,2019-07-21,"open",NA,"07-21","no"
"758",2019,2019-07-22,"open",NA,"07-22","no"
"759",2019,2019-07-23,"open",NA,"07-23","no"
"760",2019,2019-07-24,"open",NA,"07-24","no"
"761",2019,2019-07-25,"open",NA,"07-25","no"
"762",2019,2019-07-26,"open",NA,"07-26","no"
"763",2019,2019-07-27,"open",NA,"07-27","no"
"764",2019,2019-07-28,"open",NA,"07-28","no"
"765",2019,2019-07-29,"open",NA,"07-29","no"
"766",2019,2019-07-30,"open",NA,"07-30","no"
"767",2019,2019-07-31,"open",NA,"07-31","no"
"768",2019,2019-08-01,"closed",NA,"08-01","no"
"769",2019,2019-08-02,"closed",NA,"08-02","no"
"770",2019,2019-08-03,"closed",NA,"08-03","no"
"771",2019,2019-08-04,"closed",NA,"08-04","no"
"772",2019,2019-08-05,"closed",NA,"08-05","no"
"773",2019,2019-08-06,"closed",NA,"08-06","no"
"774",2019,2019-08-07,"closed",NA,"08-07","no"
"775",2019,2019-08-08,"closed",NA,"08-08","no"
"776",2019,2019-08-09,"closed",NA,"08-09","no"
"777",2019,2019-08-10,"closed",NA,"08-10","no"
"778",2019,2019-08-11,"closed",NA,"08-11","no"
"779",2019,2019-08-12,"closed",NA,"08-12","no"
"780",2019,2019-08-13,"closed",NA,"08-13","no"
"781",2019,2019-08-14,"closed",NA,"08-14","no"
"782",2019,2019-08-15,"closed",0,"08-15","yes"
"783",2019,2019-08-16,"closed",0,"08-16","yes"
"784",2019,2019-08-17,"closed",3,"08-17","yes"
"785",2019,2019-08-18,"closed",0,"08-18","yes"
"786",2019,2019-08-19,"closed",0,"08-19","yes"
"787",2019,2019-08-20,"closed",0,"08-20","yes"
"788",2019,2019-08-21,"closed",NA,"08-21","no"
"789",2019,2019-08-22,"closed",0,"08-22","yes"
"790",2019,2019-08-23,"closed",NA,"08-23","no"
"791",2019,2019-08-24,"closed",NA,"08-24","no"
"792",2019,2019-08-25,"closed",0,"08-25","yes"
"793",2019,2019-08-26,"closed",0,"08-26","yes"
"794",2019,2019-08-27,"closed",0,"08-27","yes"
"795",2019,2019-08-28,"closed",NA,"08-28","no"
"796",2019,2019-08-29,"closed",0,"08-29","yes"
"797",2019,2019-08-30,"closed",0,"08-30","yes"
"798",2019,2019-08-31,"closed",0,"08-31","yes"
"799",2019,2019-09-01,"closed",NA,"09-01","no"
"800",2019,2019-09-02,"closed",NA,"09-02","no"
"801",2019,2019-09-03,"closed",NA,"09-03","no"
"802",2019,2019-09-04,"closed",0,"09-04","yes"
"803",2019,2019-09-05,"closed",0,"09-05","yes"
"804",2019,2019-09-06,"closed",NA,"09-06","no"
"805",2019,2019-09-07,"closed",NA,"09-07","no"
"806",2019,2019-09-08,"closed",NA,"09-08","no"
"807",2019,2019-09-09,"closed",0,"09-09","yes"
"808",2019,2019-09-10,"closed",NA,"09-10","no"
"809",2019,2019-09-11,"closed",NA,"09-11","no"
"810",2019,2019-09-12,"closed",NA,"09-12","no"
"811",2019,2019-09-13,"closed",NA,"09-13","no"
"812",2019,2019-09-14,"closed",NA,"09-14","no"
"813",2019,2019-09-15,"closed",NA,"09-15","no"
"814",2019,2019-09-16,"closed",NA,"09-16","no"
"815",2019,2019-09-17,"closed",NA,"09-17","no"
"816",2019,2019-09-18,"closed",NA,"09-18","no"
"817",2019,2019-09-19,"closed",NA,"09-19","no"
"818",2019,2019-09-20,"closed",NA,"09-20","no"
"819",2019,2019-09-21,"closed",5,"09-21","yes"
"820",2019,2019-09-22,"closed",0,"09-22","yes"
"821",2019,2019-09-23,"closed",NA,"09-23","no"
"822",2019,2019-09-24,"closed",0,"09-24","yes"
"823",2019,2019-09-25,"closed",8,"09-25","yes"
"824",2019,2019-09-26,"closed",0,"09-26","yes"
"825",2019,2019-09-27,"closed",0,"09-27","yes"
"826",2019,2019-09-28,"closed",NA,"09-28","no"
"827",2019,2019-09-29,"closed",NA,"09-29","no"
"828",2019,2019-09-30,"closed",0,"09-30","yes"
"829",2020,2020-07-01,"open",0,"07-01","yes"
"830",2020,2020-07-02,"open",1,"07-02","yes"
"831",2020,2020-07-03,"open",0,"07-03","yes"
"832",2020,2020-07-04,"open",0,"07-04","yes"
"833",2020,2020-07-05,"open",0,"07-05","yes"
"834",2020,2020-07-06,"open",1,"07-06","yes"
"835",2020,2020-07-07,"open",2,"07-07","yes"
"836",2020,2020-07-08,"open",0,"07-08","yes"
"837",2020,2020-07-09,"open",0,"07-09","yes"
"838",2020,2020-07-10,"open",2,"07-10","yes"
"839",2020,2020-07-11,"open",0,"07-11","yes"
"840",2020,2020-07-12,"open",0,"07-12","yes"
"841",2020,2020-07-13,"open",0,"07-13","yes"
"842",2020,2020-07-14,"open",6,"07-14","yes"
"843",2020,2020-07-15,"open",1,"07-15","yes"
"844",2020,2020-07-16,"open",NA,"07-16","no"
"845",2020,2020-07-17,"open",2,"07-17","yes"
"846",2020,2020-07-18,"open",1,"07-18","yes"
"847",2020,2020-07-19,"open",NA,"07-19","no"
"848",2020,2020-07-20,"open",NA,"07-20","no"
"849",2020,2020-07-21,"open",NA,"07-21","no"
"850",2020,2020-07-22,"open",NA,"07-22","no"
"851",2020,2020-07-23,"open",NA,"07-23","no"
"852",2020,2020-07-24,"open",0,"07-24","yes"
"853",2020,2020-07-25,"open",0,"07-25","yes"
"854",2020,2020-07-26,"open",NA,"07-26","no"
"855",2020,2020-07-27,"open",NA,"07-27","no"
"856",2020,2020-07-28,"open",0,"07-28","yes"
"857",2020,2020-07-29,"open",NA,"07-29","no"
"858",2020,2020-07-30,"open",NA,"07-30","no"
"859",2020,2020-07-31,"open",NA,"07-31","no"
"860",2020,2020-08-01,"closed",NA,"08-01","no"
"861",2020,2020-08-02,"closed",NA,"08-02","no"
"862",2020,2020-08-03,"closed",NA,"08-03","no"
"863",2020,2020-08-04,"closed",NA,"08-04","no"
"864",2020,2020-08-05,"closed",NA,"08-05","no"
"865",2020,2020-08-06,"closed",NA,"08-06","no"
"866",2020,2020-08-07,"closed",0,"08-07","yes"
"867",2020,2020-08-08,"closed",NA,"08-08","no"
"868",2020,2020-08-09,"closed",NA,"08-09","no"
"869",2020,2020-08-10,"closed",NA,"08-10","no"
"870",2020,2020-08-11,"closed",NA,"08-11","no"
"871",2020,2020-08-12,"closed",NA,"08-12","no"
"872",2020,2020-08-13,"closed",NA,"08-13","no"
"873",2020,2020-08-14,"closed",NA,"08-14","no"
"874",2020,2020-08-15,"closed",NA,"08-15","no"
"875",2020,2020-08-16,"closed",0,"08-16","yes"
"876",2020,2020-08-17,"closed",0,"08-17","yes"
"877",2020,2020-08-18,"closed",0,"08-18","yes"
"878",2020,2020-08-19,"closed",0,"08-19","yes"
"879",2020,2020-08-20,"closed",NA,"08-20","no"
"880",2020,2020-08-21,"closed",0,"08-21","yes"
"881",2020,2020-08-22,"open",NA,"08-22","no"
"882",2020,2020-08-23,"open",NA,"08-23","no"
"883",2020,2020-08-24,"open",0,"08-24","yes"
"884",2020,2020-08-25,"open",NA,"08-25","no"
"885",2020,2020-08-26,"open",NA,"08-26","no"
"886",2020,2020-08-27,"open",NA,"08-27","no"
"887",2020,2020-08-28,"open",NA,"08-28","no"
"888",2020,2020-08-29,"open",NA,"08-29","no"
"889",2020,2020-08-30,"open",0,"08-30","yes"
"890",2020,2020-08-31,"open",NA,"08-31","no"
"891",2020,2020-09-01,"closed",0,"09-01","yes"
"892",2020,2020-09-02,"closed",0,"09-02","yes"
"893",2020,2020-09-03,"closed",0,"09-03","yes"
"894",2020,2020-09-04,"closed",NA,"09-04","no"
"895",2020,2020-09-05,"closed",0,"09-05","yes"
"896",2020,2020-09-06,"closed",NA,"09-06","no"
"897",2020,2020-09-07,"closed",NA,"09-07","no"
"898",2020,2020-09-08,"closed",0,"09-08","yes"
"899",2020,2020-09-09,"closed",NA,"09-09","no"
"900",2020,2020-09-10,"closed",0,"09-10","yes"
"901",2020,2020-09-11,"closed",0,"09-11","yes"
"902",2020,2020-09-12,"closed",0,"09-12","yes"
"903",2020,2020-09-13,"closed",0,"09-13","yes"
"904",2020,2020-09-14,"closed",NA,"09-14","no"
"905",2020,2020-09-15,"closed",NA,"09-15","no"
"906",2020,2020-09-16,"closed",NA,"09-16","no"
"907",2020,2020-09-17,"closed",NA,"09-17","no"
"908",2020,2020-09-18,"closed",0,"09-18","yes"
"909",2020,2020-09-19,"closed",3,"09-19","yes"
"910",2020,2020-09-20,"closed",NA,"09-20","no"
"911",2020,2020-09-21,"closed",NA,"09-21","no"
"912",2020,2020-09-22,"closed",0,"09-22","yes"
"913",2020,2020-09-23,"closed",NA,"09-23","no"
"914",2020,2020-09-24,"closed",0,"09-24","yes"
"915",2020,2020-09-25,"closed",NA,"09-25","no"
"916",2020,2020-09-26,"closed",NA,"09-26","no"
"917",2020,2020-09-27,"closed",0,"09-27","yes"
"918",2020,2020-09-28,"closed",0,"09-28","yes"
"919",2020,2020-09-29,"closed",NA,"09-29","no"
"920",2020,2020-09-30,"closed",0,"09-30","yes"
"921",2021,2021-07-01,"open",1,"07-01","yes"
"922",2021,2021-07-02,"open",0,"07-02","yes"
"923",2021,2021-07-03,"open",NA,"07-03","no"
"924",2021,2021-07-04,"open",NA,"07-04","no"
"925",2021,2021-07-05,"open",NA,"07-05","no"
"926",2021,2021-07-06,"open",NA,"07-06","no"
"927",2021,2021-07-07,"open",NA,"07-07","no"
"928",2021,2021-07-08,"closed",NA,"07-08","no"
"929",2021,2021-07-09,"closed",NA,"07-09","no"
"930",2021,2021-07-10,"closed",NA,"07-10","no"
"931",2021,2021-07-11,"closed",NA,"07-11","no"
"932",2021,2021-07-12,"closed",NA,"07-12","no"
"933",2021,2021-07-13,"closed",NA,"07-13","no"
"934",2021,2021-07-14,"closed",NA,"07-14","no"
"935",2021,2021-07-15,"closed",NA,"07-15","no"
"936",2021,2021-07-16,"closed",NA,"07-16","no"
"937",2021,2021-07-17,"closed",NA,"07-17","no"
"938",2021,2021-07-18,"closed",NA,"07-18","no"
"939",2021,2021-07-19,"closed",NA,"07-19","no"
"940",2021,2021-07-20,"closed",NA,"07-20","no"
"941",2021,2021-07-21,"closed",NA,"07-21","no"
"942",2021,2021-07-22,"closed",NA,"07-22","no"
"943",2021,2021-07-23,"closed",NA,"07-23","no"
"944",2021,2021-07-24,"closed",NA,"07-24","no"
"945",2021,2021-07-25,"closed",NA,"07-25","no"
"946",2021,2021-07-26,"closed",NA,"07-26","no"
"947",2021,2021-07-27,"closed",0,"07-27","yes"
"948",2021,2021-07-28,"closed",NA,"07-28","no"
"949",2021,2021-07-29,"closed",NA,"07-29","no"
"950",2021,2021-07-30,"closed",NA,"07-30","no"
"951",2021,2021-07-31,"closed",NA,"07-31","no"
"952",2021,2021-08-01,"closed",NA,"08-01","no"
"953",2021,2021-08-02,"closed",NA,"08-02","no"
"954",2021,2021-08-03,"closed",NA,"08-03","no"
"955",2021,2021-08-04,"closed",NA,"08-04","no"
"956",2021,2021-08-05,"closed",NA,"08-05","no"
"957",2021,2021-08-06,"closed",NA,"08-06","no"
"958",2021,2021-08-07,"closed",NA,"08-07","no"
"959",2021,2021-08-08,"closed",NA,"08-08","no"
"960",2021,2021-08-09,"closed",NA,"08-09","no"
"961",2021,2021-08-10,"closed",NA,"08-10","no"
"962",2021,2021-08-11,"closed",NA,"08-11","no"
"963",2021,2021-08-12,"closed",NA,"08-12","no"
"964",2021,2021-08-13,"closed",NA,"08-13","no"
"965",2021,2021-08-14,"closed",NA,"08-14","no"
"966",2021,2021-08-15,"closed",NA,"08-15","no"
"967",2021,2021-08-16,"closed",NA,"08-16","no"
"968",2021,2021-08-17,"closed",NA,"08-17","no"
"969",2021,2021-08-18,"closed",NA,"08-18","no"
"970",2021,2021-08-19,"closed",NA,"08-19","no"
"971",2021,2021-08-20,"closed",NA,"08-20","no"
"972",2021,2021-08-21,"closed",NA,"08-21","no"
"973",2021,2021-08-22,"closed",NA,"08-22","no"
"974",2021,2021-08-23,"closed",NA,"08-23","no"
"975",2021,2021-08-24,"closed",NA,"08-24","no"
"976",2021,2021-08-25,"closed",0,"08-25","yes"
"977",2021,2021-08-26,"closed",NA,"08-26","no"
"978",2021,2021-08-27,"closed",NA,"08-27","no"
"979",2021,2021-08-28,"closed",NA,"08-28","no"
"980",2021,2021-08-29,"closed",NA,"08-29","no"
"981",2021,2021-08-30,"closed",0,"08-30","yes"
"982",2021,2021-08-31,"closed",NA,"08-31","no"
"983",2021,2021-09-01,"closed",0,"09-01","yes"
"984",2021,2021-09-02,"closed",0,"09-02","yes"
"985",2021,2021-09-03,"closed",NA,"09-03","no"
"986",2021,2021-09-04,"closed",NA,"09-04","no"
"987",2021,2021-09-05,"closed",0,"09-05","yes"
"988",2021,2021-09-06,"closed",0,"09-06","yes"
"989",2021,2021-09-07,"closed",NA,"09-07","no"
"990",2021,2021-09-08,"closed",0,"09-08","yes"
"991",2021,2021-09-09,"closed",0,"09-09","yes"
"992",2021,2021-09-10,"closed",NA,"09-10","no"
"993",2021,2021-09-11,"closed",0,"09-11","yes"
"994",2021,2021-09-12,"closed",0,"09-12","yes"
"995",2021,2021-09-13,"closed",NA,"09-13","no"
"996",2021,2021-09-14,"closed",0,"09-14","yes"
"997",2021,2021-09-15,"closed",0,"09-15","yes"
"998",2021,2021-09-16,"closed",NA,"09-16","no"
"999",2021,2021-09-17,"closed",0,"09-17","yes"
"1000",2021,2021-09-18,"closed",0,"09-18","yes"
"1001",2021,2021-09-19,"closed",0,"09-19","yes"
"1002",2021,2021-09-20,"closed",NA,"09-20","no"
"1003",2021,2021-09-21,"closed",NA,"09-21","no"
"1004",2021,2021-09-22,"closed",NA,"09-22","no"
"1005",2021,2021-09-23,"closed",NA,"09-23","no"
"1006",2021,2021-09-24,"closed",NA,"09-24","no"
"1007",2021,2021-09-25,"closed",NA,"09-25","no"
"1008",2021,2021-09-26,"closed",NA,"09-26","no"
"1009",2021,2021-09-27,"closed",NA,"09-27","no"
"1010",2021,2021-09-28,"closed",NA,"09-28","no"
"1011",2021,2021-09-29,"closed",NA,"09-29","no"
"1012",2021,2021-09-30,"closed",0,"09-30","yes"
"1013",2022,2022-07-01,"closed",NA,"07-01","no"
"1014",2022,2022-07-02,"closed",NA,"07-02","no"
"1015",2022,2022-07-03,"closed",NA,"07-03","no"
"1016",2022,2022-07-04,"closed",NA,"07-04","no"
"1017",2022,2022-07-05,"closed",NA,"07-05","no"
"1018",2022,2022-07-06,"closed",NA,"07-06","no"
"1019",2022,2022-07-07,"closed",NA,"07-07","no"
"1020",2022,2022-07-08,"closed",NA,"07-08","no"
"1021",2022,2022-07-09,"closed",0,"07-09","yes"
"1022",2022,2022-07-10,"closed",0,"07-10","yes"
"1023",2022,2022-07-11,"closed",0,"07-11","yes"
"1024",2022,2022-07-12,"closed",0,"07-12","yes"
"1025",2022,2022-07-13,"open",0,"07-13","yes"
"1026",2022,2022-07-14,"open",NA,"07-14","no"
"1027",2022,2022-07-15,"open",NA,"07-15","no"
"1028",2022,2022-07-16,"closed",NA,"07-16","no"
"1029",2022,2022-07-17,"closed",NA,"07-17","no"
"1030",2022,2022-07-18,"closed",NA,"07-18","no"
"1031",2022,2022-07-19,"closed",NA,"07-19","no"
"1032",2022,2022-07-20,"closed",NA,"07-20","no"
"1033",2022,2022-07-21,"open",NA,"07-21","no"
"1034",2022,2022-07-22,"open",0,"07-22","yes"
"1035",2022,2022-07-23,"open",0,"07-23","yes"
"1036",2022,2022-07-24,"closed",0,"07-24","yes"
"1037",2022,2022-07-25,"closed",0,"07-25","yes"
"1038",2022,2022-07-26,"closed",0,"07-26","yes"
"1039",2022,2022-07-27,"closed",0,"07-27","yes"
"1040",2022,2022-07-28,"open",0,"07-28","yes"
"1041",2022,2022-07-29,"open",0,"07-29","yes"
"1042",2022,2022-07-30,"open",NA,"07-30","no"
"1043",2022,2022-07-31,"closed",NA,"07-31","no"
"1044",2022,2022-08-01,"closed",NA,"08-01","no"
"1045",2022,2022-08-02,"closed",NA,"08-02","no"
"1046",2022,2022-08-03,"closed",NA,"08-03","no"
"1047",2022,2022-08-04,"closed",0,"08-04","yes"
"1048",2022,2022-08-05,"closed",0,"08-05","yes"
"1049",2022,2022-08-06,"closed",0,"08-06","yes"
"1050",2022,2022-08-07,"closed",0,"08-07","yes"
"1051",2022,2022-08-08,"closed",0,"08-08","yes"
"1052",2022,2022-08-09,"closed",0,"08-09","yes"
"1053",2022,2022-08-10,"closed",NA,"08-10","no"
"1054",2022,2022-08-11,"closed",NA,"08-11","no"
"1055",2022,2022-08-12,"closed",NA,"08-12","no"
"1056",2022,2022-08-13,"closed",0,"08-13","yes"
"1057",2022,2022-08-14,"closed",NA,"08-14","no"
"1058",2022,2022-08-15,"closed",NA,"08-15","no"
"1059",2022,2022-08-16,"closed",NA,"08-16","no"
"1060",2022,2022-08-17,"closed",NA,"08-17","no"
"1061",2022,2022-08-18,"closed",NA,"08-18","no"
"1062",2022,2022-08-19,"closed",NA,"08-19","no"
"1063",2022,2022-08-20,"closed",NA,"08-20","no"
"1064",2022,2022-08-21,"closed",NA,"08-21","no"
"1065",2022,2022-08-22,"closed",NA,"08-22","no"
"1066",2022,2022-08-23,"closed",NA,"08-23","no"
"1067",2022,2022-08-24,"closed",NA,"08-24","no"
"1068",2022,2022-08-25,"closed",NA,"08-25","no"
"1069",2022,2022-08-26,"closed",NA,"08-26","no"
"1070",2022,2022-08-27,"closed",NA,"08-27","no"
"1071",2022,2022-08-28,"closed",NA,"08-28","no"
"1072",2022,2022-08-29,"closed",NA,"08-29","no"
"1073",2022,2022-08-30,"closed",NA,"08-30","no"
"1074",2022,2022-08-31,"closed",NA,"08-31","no"
"1075",2022,2022-09-01,"closed",0,"09-01","yes"
"1076",2022,2022-09-02,"closed",0,"09-02","yes"
"1077",2022,2022-09-03,"closed",0,"09-03","yes"
"1078",2022,2022-09-04,"closed",0,"09-04","yes"
"1079",2022,2022-09-05,"closed",NA,"09-05","no"
"1080",2022,2022-09-06,"closed",0,"09-06","yes"
"1081",2022,2022-09-07,"closed",0,"09-07","yes"
"1082",2022,2022-09-08,"closed",0,"09-08","yes"
"1083",2022,2022-09-09,"closed",NA,"09-09","no"
"1084",2022,2022-09-10,"closed",NA,"09-10","no"
"1085",2022,2022-09-11,"closed",0,"09-11","yes"
"1086",2022,2022-09-12,"closed",NA,"09-12","no"
"1087",2022,2022-09-13,"closed",NA,"09-13","no"
"1088",2022,2022-09-14,"closed",NA,"09-14","no"
"1089",2022,2022-09-15,"closed",NA,"09-15","no"
"1090",2022,2022-09-16,"closed",NA,"09-16","no"
"1091",2022,2022-09-17,"closed",NA,"09-17","no"
"1092",2022,2022-09-18,"closed",NA,"09-18","no"
"1093",2022,2022-09-19,"closed",NA,"09-19","no"
"1094",2022,2022-09-20,"closed",NA,"09-20","no"
"1095",2022,2022-09-21,"closed",NA,"09-21","no"
"1096",2022,2022-09-22,"closed",NA,"09-22","no"
"1097",2022,2022-09-23,"closed",NA,"09-23","no"
"1098",2022,2022-09-24,"closed",NA,"09-24","no"
"1099",2022,2022-09-25,"closed",NA,"09-25","no"
"1100",2022,2022-09-26,"closed",NA,"09-26","no"
"1101",2022,2022-09-27,"closed",0,"09-27","yes"
"1102",2022,2022-09-28,"closed",0,"09-28","yes"
"1103",2022,2022-09-29,"closed",NA,"09-29","no"
"1104",2022,2022-09-30,"closed",NA,"09-30","no"
